,Unnamed: 0,rank,trend,season,episode,name,start,total_votes,average_rating
0,399,"53,504",5,1,400,Roger to Rayleigh: Kaizoku Ou to Sono Migiude,2009,176,8.5
1,400,"64,260",1,1,401,Kaihi Fukanou!? Taishou Kizaru no Kousoku no Keri,2009,144,8.3
2,401,"65,532",2,1,402,Attouteki! Kaigun no Sentou Heiki Pacifista,2009,140,8.3
3,402,"62,992",3,1,403,Saranaru Kyouteki Arawaru! Masakari Katsuida Sentoumaru,2009,145,8.4
4,403,"48,214",7,1,404,Taishou Kizuru no Moukou Mugiwara Ichimi Zettaizetsumei!,2009,189,8.8
5,404,"28,216",24,1,405,Kesareta Nakama-tachi: Mugiwara Ichimi Saigo no Hi,2009,358,9.2
6,405,"104,117",1,1,406,Jidaigeki Tokubetsu Hen: Luffy Oyabun Futatabi Kenzan,2009,122,6.1
7,406,"106,033",-,1,407,Jidaigeki Tokubetsu Hen: Yabure! Thriller Shoukai no Wana,2009,118,6.1
8,407,"75,844",-,1,408,Jouriku! Danshi Kinsei no Shima Amazon Lily,2009,130,7.7
9,408,"76,234",-,1,409,Isoge! Nakama-tachi no Moto e: Nyougashima no Bouken,2009,129,7.7
10,409,"76,746",-,1,410,Minna Meromero! Kaizoku Jotei Hancock,2009,131,7.6
11,410,"76,146",-,1,411,Senaka ni Kakusareta Himitsu: Souguu Luffy to Hebihime,2009,126,7.8
12,411,"72,604",-,1,412,Hijou no Sabaki! Ishi ni Sareta Margaret!!,2009,129,8.0
13,412,"67,932",1,1,413,Luffy Daikusen! Hebi Shimai no Haki no Chikara!!,2009,136,8.2
14,413,"70,668",-,1,414,Nouryoku Zenkai Battle!! Gomugomu Tai Hebihebi,2009,128,8.2
15,414,"68,933",-,1,415,Hancock no Kokuhaku: Shimai no Imawashiki Kako,2009,133,8.2
16,415,"70,394",-,1,416,Ace o Sukue! Arata na Mokutekichi wa Daikangoku,2009,132,8.1
17,416,"68,049",-,1,417,Koi wa Hurricane! Meromero Hancock,2009,139,8.1
18,417,"75,711",-,1,418,Nakama-tachi no Yukue: Tenkou no Kagaku to Karakurijima,2009,127,7.8
19,418,"81,313",-,1,419,Nakama-tachi no Yukue: Kyochou no Shima to Momoiro no Rakuen!,2009,126,7.4
20,419,"76,989",-,1,420,Nakama-tachi no Yukue: Shima o Tsunagu Hashi to Shokujin Shok...,2009,127,7.7
21,420,"77,371",-,1,421,Nakama-tachi no Yukue: Negative Princess to Akuma Ou,2009,126,7.7
22,421,"76,538",-,1,422,Kesshi no Sennyuu! Kaitei Kangoku Impel Down Sennyuu!,2009,125,7.8
23,422,"76,145",-,1,423,Jigoku de Saikai!? Bara Bara no Mi no Jitsuryokusha!,2009,126,7.8
24,423,"77,808",-,1,424,Yabure! Guren Jigoku: Buggy no Dohade Daisakusen,2009,125,7.7
25,424,"77,809",1,1,425,Kangoku Saikyou no Otoko! Doku Ningen Magellan Toujou,2009,125,7.7
26,425,"91,987",-,1,426,Eiga Rendou Special: Ugokidasu Kinjishi no Yabou,2009,118,6.9
27,426,"100,117",-,1,427,Eiga Rendou Special: Nerawareta Little East Blue,2009,115,6.5
28,427,"97,820",-,1,428,Eiga Rendou Special: Amigo Kaizokudan no Moukou,2009,116,6.6
29,428,"98,316",-,1,429,Eiga Rendou Special: Kessen! Luffy Tai Largo,2009,115,6.6
30,429,"78,086",-,1,430,Toraware no Ouka Shichibukai! Kaikyou no Jinbee,2009,121,7.8
31,430,"80,627",-,1,431,Roubanchou Saldeath no Wana: Level 3 Kiga Jigoku,2009,118,7.7
32,431,"76,452",-,1,432,Tokihanatareta Swan! Saikai! Bon Clay,2009,122,7.9
33,432,"70,393",2,1,433,Shochou Magellan Ugoku: Kansei! Mugiwara Houimou,2010,132,8.1
34,433,"77,810",1,1,434,Zensenryoku Shuuketsu! Level 4 Shounetsu Jigoku no Kessen,2010,125,7.7
35,434,"70,839",1,1,435,Magellan Tsuyoshi! Bon Clay Tekizen Toubou,2010,134,8.0
36,435,"68,048",1,1,436,Shiyuu Kessu! Sutemi no Luffy Saigo no Ichigeki,2010,139,8.1
37,436,"74,529",-,1,437,Dachi Dakara: Bon Clay Kesshi no Kyuushutsukou,2010,127,7.9
38,437,"78,179",-,1,438,Jigoku ni Rakuen! Impel Down Level 5.5,2010,124,7.7
39,438,"83,011",-,1,439,Luffy Chiryou Kaishi: Ivan-san Kiseki no Chikara!!,2010,122,7.4
40,439,"79,204",-,1,440,Kiseki o Shinjite! Bon Clay Tamashii no Seien,2010,128,7.5
41,440,"75,227",-,1,441,Luffy Fukkatsu! Iwa-san Datsugoku Keikaku Shidou!!,2010,125,7.9
42,441,"73,323",-,1,442,Ace Gosou Kaishi: Saikasou Level 6 no Koubou!,2010,127,8.0
43,442,"72,606",-,1,443,Saikyou Team Kessei: Shinkan! Inpel Down,2010,129,8.0
44,443,"74,532",-,1,444,Saranaru Konran! Kurohige Teach Shuurai!,2010,127,7.9
45,444,"74,887",-,1,445,Kiken na Deai! Kurohige to Ame no Shiryuu,2010,126,7.9
46,445,"71,422",-,1,446,Iji demo Taorenu! Honki no Hannyabaru,2010,129,8.1
47,446,"61,866",2,1,447,Ikari no Jet Pistol: Luffy vs Kurohige,2010,152,8.3
48,447,"76,898",-,1,448,Magellan o Tomero! Iva-san Ougi Sakuretsu,2010,124,7.8
49,448,"76,024",-,1,449,Magellan no Kisaku! Habamareta Datsugoku Keikaku,2010,123,7.9
50,449,"71,424",-,1,450,Datsugoku Team Zettaizetsumei: Kinjite &quot;Venom Demon&quot;,2010,129,8.1
51,450,"60,416",1,1,451,Okose Saigo no Kiseki: Seigi no Mon o Toppa Seyo,2010,150,8.5
52,451,"76,022",-,1,452,Mezase Kaigun Honbu: Ace Kyuushutsu e no Funade!,2010,123,7.9
53,452,"86,114",-,1,453,Nakama-tachi no Yukue: Weatheria Report to Cyborg Animal,2010,118,7.3
54,453,"92,197",-,1,454,Nakama-tachi no Yukue: Kyochou no Hina to Momoiro no Taiketsu,2010,121,6.8
55,454,"86,978",-,1,455,Nakama-tachi no Yukue: Kakumeigun to Boushoku no Mori no Wana!,2010,116,7.3
56,455,"86,115",-,1,456,Nakama-tachi no Yukue: Kyodai na Bohyou to Pantsu no On,2010,118,7.3
57,456,"85,836",-,1,457,Marineford Chokuzen Kaisou Special: Kyoudai no Chikai!,2010,122,7.2
58,457,"86,556",1,1,458,Marineford Chokuzen Kaisou Special: Shuuketsu! San Taishou,2010,131,6.9
59,458,"65,817",2,1,459,Kessen no Toki Semaru! Kaigun Saikyou no Fujin Kansei!,2010,146,8.1
60,459,"62,399",2,1,460,Kyodai Kantai Arawaru: Shuurai! Shirohige Kaizokudan,2010,154,8.2
61,460,"54,984",3,1,461,Kessen no Makuake! Ace to Shirohige no Kako,2010,174,8.4
62,461,"62,400",3,1,462,Sekai o Horobosu Chikara! Guragura no Mi no Nouryoku,2010,154,8.2
63,462,"56,935",4,1,463,Subete o Yakitsukusu!! Taishou Akainu no Chikara!,2010,162,8.5
64,463,"62,512",4,1,464,Majin no Shison! Little Oars Jr. Bakushin!,2010,150,8.3
65,464,"60,059",3,1,465,Shousha dake ga Seigi Hatsudou! Sengoku no Sakusen!,2010,155,8.4
66,465,"49,641",5,1,466,Mugiwara Team Touchaku Fuunkyuu o Tsugeru Senjou,2010,186,8.7
67,466,"52,090",5,1,467,Shinde mo Tasukeru: Luffy vs Kaigun Battle Start,2010,174,8.7
68,467,"56,980",4,1,468,Gekisen no Renzoku! Nouryokusha Gundan VS Nouryokusha Gundan,2010,158,8.6
69,468,"62,211",4,1,469,Kuma ni Okita Ihen Iva-san Ikari no Ichigeki,2010,151,8.3
70,469,"58,957",4,1,470,Kengou Mihawk Luffy ni Semaru Kokutou no Zangeki,2010,155,8.5
71,470,"61,113",4,1,471,Senmetsu Sakusen Shidou: Pacifista Gundan no Iryoku,2010,151,8.4
72,471,"61,615",4,1,472,Akainu no Bouryaku! Otoshiirerareta Shirohige,2010,153,8.3
73,472,"61,402",4,1,473,Houiheki Sadou! Shirohige Kaizokudan Zettaizetsumei!!,2010,150,8.4
74,473,"52,575",5,1,474,Shokei Shikkou Shirei Kudaru: Houiheki o Toppa Seyo!,2010,180,8.5
75,474,"58,217",4,1,475,Saishuu Kyokumen Totsunyuu! Shirohige Kishikaisei no Itte,2010,154,8.6
76,475,"59,144",5,1,476,Luffy Chikaratsuku! Oris Hiroba no Souryokusen!!,2010,158,8.4
77,476,"62,302",4,1,477,Inochi o Kezuru Chikara: Tension Hormone Futatabi,2010,147,8.4
78,477,"52,767",4,1,478,Yakusoku no Tame ni!! Gekitou! Luffy to Coby,2010,175,8.6
79,478,"60,058",4,1,479,Shokeidai Mokuzen! Hirakareta Ace e no Michi!!,2010,155,8.4
80,479,"51,895",5,1,480,Sorezore no Eranda Michi: Luffy vs Garp!,2010,179,8.6
81,480,"42,522",10,1,481,Ace Kyuushutsu! Shirohige Saigo no Senchou Meirei!,2010,218,8.9
82,481,"30,117",29,1,482,Hi o mo Yaki Tsukusu Chikara: Akainu Hijou no Tsuigeki,2011,334,9.1
83,482,"20,664",58,1,483,Kotae o Sagashite: Hiken Ace Senjou ni Shisu,2011,524,9.3
84,483,"34,454",23,1,484,Kaigun Honbu Houkai! Shirohige Kotobanaki Ikari!,2011,285,9.0
85,484,"27,093",37,1,485,Kejime o Tsukeru: Shirohige vs Kurohige Kaizokudan,2011,370,9.3
86,485,"49,315",12,1,486,Show no Kaimaku: Akasareta Kurohige no Takurami,2011,192,8.6
87,486,"55,637",8,1,487,Akainu no Shuunen! Luffy o Osou Magma no Kobushi,2011,171,8.4
88,487,"43,228",14,1,488,Hisshi no Sakebi: Unmei o Kaeru Yuuki Aru Suubyou,2011,223,8.7
89,488,"39,674",15,1,489,Shanks Kenzan! Choujou Sensou Tsui ni Shuuketsu,2011,245,8.8
90,489,"66,747",5,1,490,Gun'yuu Kakkyo Su! &quot;Atarashii Jidai&quot; no Hajimari!,2011,143,8.1
91,490,"69,787",4,1,491,Nyougashima Jouriku: Luffy o Semeru Kakoku na Genjitsu,2011,137,8.0
92,491,"104,696",2,1,492,"Saikyou Tag! Funtou, Luffy to Toriko!",2011,117,6.2
93,492,"66,353",3,1,493,Luffy to Ace: Kyoudai no Deai no Monogatari!,2011,148,8.0
94,493,"71,604",3,1,494,Sabo Toujou! Gray Terminal no Shounen,2011,135,7.9
95,494,"77,804",3,1,495,Ore wa Nigenai: Ace Kesshi no Kyuushutsu Sakusen,2011,125,7.7
96,495,"76,899",3,1,496,Itsuka Umi e! Sannin no Akudou Chikai no Sakazuki!,2011,124,7.8
97,496,"77,805",4,1,497,Dadan Ikka to no Wakare!? Kansei! Himitsu Kichi,2011,125,7.7
98,497,"83,972",3,1,498,Luffy Deshiiri!? Kaizoku Ou to Tatakatta Otoko!,2011,123,7.3
99,498,"83,008",2,1,499,Ootora to no Kessen! Senchou ni Naru no wa Dare Da!,2011,122,7.4
100,499,"79,403",2,1,500,Ubawareta Jiyuu! Sankyoudai ni Semaru Kizoku no Wana,2011,121,7.7
101,500,"79,086",2,1,501,Hanatareta Honoo: Gray Terminal no Kiki,2011,125,7.6
102,501,"80,293",1,1,502,Jiyuu wa Doko ni Aru? Shounen no Kanashiki Funade,2011,122,7.6
103,502,"68,247",3,1,503,Yoroshiku Tanomu! Kyoudai kara Todoita Tegami!,2011,135,8.2
104,503,"74,631",1,1,504,Yakusoku o Hatasu Tame: Sorezore no Tabidachi!,2011,130,7.8
105,504,"68,379",1,1,505,Aitsura ni Aitee! Luffy Namida no Sakebi,2011,138,8.1
106,505,"75,716",2,1,506,Mugiwara no Ichimi Gekishin! Motarasareta Kyouhou,2011,127,7.8
107,506,"74,272",2,1,507,Meiou Rayleigh to no Saikai: Luffy Ketsudan no Toki,2011,131,7.8
108,507,"80,492",1,1,508,Senchou no Moto e: Sorajima no Datsugoku to Fuyujima no Jiken,2011,128,7.4
109,508,"77,381",1,1,509,Sesshoku! Daikengou Mihawk: Zoro Iji no Shitou,2011,126,7.7
110,509,"77,938",1,1,510,Sanji no Junan: Oukoku e to Kikan Shita Joou!,2011,128,7.6
111,510,"74,343",2,1,511,Masaka no Saijouriku! Luffy Marineford e!,2011,134,7.7
112,511,"76,996",1,1,512,Nakama ni Todoke: Kakemeguru Dai News!,2011,127,7.7
113,512,"82,271",2,1,513,Ugokidasu Kaizoku-tachi! Kyoutendouchi no Shinsekai,2011,127,7.3
114,513,"84,577",1,1,514,Jigoku o Ikinuke: Sanji Otoko o Kaketa Shoubu,2011,125,7.2
115,514,"76,232",2,1,515,Madamada Tsuyoku Naru! Zoro Senchou e no Chikai,2011,129,7.7
116,515,"58,059",2,1,516,Luffy Shugyou Kaishi: 2-nengo ni Yakusoku no Basho de,2011,162,8.4
117,516,"48,830",5,1,517,Shinshou Kaimaku: Saishuuketsu! Mugiwara no Ichimi,2011,204,8.4
118,517,"68,401",2,1,518,Isshokusokuhatsu! Luffy Tai Nise Luffy,2011,145,7.9
119,518,"70,816",1,1,519,Kaigun Shutsudou: Nerawareta Mugiwara no Ichimi,2011,141,7.8
120,519,"71,634",1,1,520,Oomono Shuuketsu: Nise Mugiwara Ichimi no Kyoui,2011,142,7.7
121,520,"51,052",5,1,521,Sentou Kaishi! Misero Shugyou no Seika!,2011,183,8.6
122,521,"68,381",1,1,522,Zen'in Shuugou: Luffy Shinsekai e no Funade,2011,138,8.1
123,522,"76,607",1,1,523,Kyougaku no Shinjitsu: Sunny-gou o Mamotta Otoko,2011,128,7.7
124,523,"80,955",2,1,524,Kaichuu no Shitou: Arawareta Oounabara no Akuma,2011,127,7.4
125,524,"81,932",2,1,525,Shinkai de Sounan: Hagureta Mugiwara no Ichimi,2011,118,7.6
126,525,"81,933",1,1,526,Kaitei Kazan Funka! Nagasarete Gyojintou,2011,118,7.6
127,526,"80,623",1,1,527,Gyojintou Jouriku: Uruwashiki Ningyo-tachi,2011,118,7.7
128,527,"83,007",1,1,528,Koufun Bakuhatsu! Sanji Seimei no Kiki!,2011,122,7.4
129,528,"83,083",2,1,529,Gyojintou Metsubou!? Sharley no Yogen,2011,125,7.3
130,529,"82,483",-,1,530,Gyojintou no Ou: Kaishin Neptune!,2012,120,7.5
131,530,"85,841",-,1,531,Ryuuguujou! Tasuketa Same ni Tsurerarete,2012,122,7.2
132,531,"83,478",-,1,532,Yowamushi de Nakimushi! Koukakutou no Ningyo Hime,2012,121,7.4
133,532,"85,282",-,1,533,Kinkyuu Jitai Hassei: Senkyo Sareta Ryuuguujou,2012,120,7.3
134,533,"77,939",-,1,534,Ryuuguujou Gekishin! Shirahoshi Yuukai Jiken,2012,128,7.6
135,534,"83,863",1,1,535,Hody Shuurai: Fukushuu Keikaku no Hajimari,2012,120,7.4
136,535,"79,794",-,1,536,Ryuuguujou no Kessen! Zoro Tai Hody,2012,120,7.7
137,536,"80,198",-,1,537,Shirahoshi o Mamore: Decken no Tsuigeki,2012,119,7.7
138,537,"81,578",-,1,538,Ichimi Haiboku!? Hody Ryuuguujou Seiatsu,2012,119,7.6
139,538,"83,479",-,1,539,Yomigaeru Innen! Nami to Gyojin Kaizokudan!,2012,121,7.4
140,539,"77,503",-,1,540,Dorei Kaihou no Eiyuu: Boukenka Tiger,2012,129,7.6
141,540,"76,890",-,1,541,Kizaru Toujou! Tiger o Nerau Wana!,2012,124,7.8
142,541,"103,661",-,1,542,Team Kessei! Chopper o Sukue,2012,115,6.3
143,542,"76,134",1,1,543,Eiyuu no Saigo: Tiger Shougeki no Shinjitsu,2012,126,7.8
144,543,"82,579",-,1,544,Kaizokudan Bunretsu: Jinbe Tai Arlong,2012,123,7.4
145,544,"84,866",-,1,545,Yureru Gyojintou! Hyouchaku Shita Tenryuubito,2012,121,7.3
146,545,"79,401",-,1,546,Totsuzen no Higeki! Mirai o Tozasu Kyoudan,2012,121,7.7
147,546,"82,826",-,1,547,Futatabi Genzai e! Ugokidasu Hody,2012,116,7.6
148,547,"82,827",1,1,548,Oukoku Gekishin: Neptune Shokei Shirei,2012,116,7.6
149,548,"81,031",1,1,549,Shoujita Kiretsu! Luffy Tai Jinbe,2012,117,7.7
150,549,"87,952",1,1,550,Hody no Ihen: Kyouyaku no Shin no Chikara!,2012,117,7.2
151,550,"88,554",1,1,551,Kessen Hajimaru: Gyoncorde Hiroba!,2012,119,7.1
152,551,"85,691",1,1,552,Shougeki no Kokuhaku: Otohime Ansatsu no Shinjitsu,2012,119,7.3
153,552,"78,176",1,1,553,Shirahoshi no Namida! Luffy Tsui ni Toujou,2012,124,7.7
154,553,"65,863",1,1,554,Dai Gekitotsu! Mugiwara Ichimi VS 10 Man no Teki,2012,139,8.3
155,554,"80,199",-,1,555,Oowaza Sakuretsu! Zoro Sanji Shutsugeki!,2012,119,7.7
156,555,"82,481",-,1,556,Hatsu Hirou! Sunny Gou no Himitsu Heiki!,2012,120,7.5
157,556,"87,461",-,1,557,Iron Pirate! Franky Shougun Toujou,2012,115,7.3
158,557,"87,101",-,1,558,Noah Sekkin! Gyojintou Kaimetsu no Kiki!,2012,119,7.2
159,558,"90,062",-,1,559,Isoge Luffy! Shirahoshi Zettaizetsumei,2012,119,7.0
160,559,"85,394",-,1,560,Gekitou Kaishi! Luffy Tai Hody!,2012,123,7.2
161,560,"83,584",-,1,561,Dairansen! Ichimi Tai Shin Gyojin Kaizokudan!,2012,124,7.3
162,561,"93,112",-,1,562,Luffy Haiboku!? Hody Fukushuu no Toki,2012,119,6.8
163,562,"91,985",-,1,563,Shougeki no Jijitsu! Hody no Shoutai!,2012,118,6.9
164,563,"89,491",-,1,564,Zero ni! Luffy e no Atsuki Negai!,2012,117,7.1
165,564,"80,296",-,1,565,Luffy Konshin no Ichigeki! Red Hawk Sakuretsu,2012,122,7.6
166,565,"85,600",-,1,566,Tsui ni Kecchaku! Hody Saishuu Kessen,2012,116,7.4
167,566,"85,697",-,1,567,Tomare Noah! Kesshi no Elephant Gatling!,2012,119,7.3
168,567,"83,975",-,1,568,Mirai e! Taiyou e to Tsuzuku Michi!,2012,123,7.3
169,568,"85,840",-,1,569,Akasareta Himitsu: Kodai Heiki no Shinjitsu,2012,122,7.2
170,569,"77,708",-,1,570,Ichimi Kyougaku! Aratanaru Kaigun Gensui!,2012,122,7.8
171,570,"81,120",-,1,571,Okashizuki! Yonkou Big Mom,2012,120,7.6
172,571,"85,601",-,1,572,Zento Tanan: Shin Sekai ni Machiukeru Wana,2012,116,7.4
173,572,"86,109",-,1,573,Tsui ni Shukkou! Sayonara Gyojin-tou,2012,118,7.3
174,573,"86,982",-,1,574,Shin Sekai e! Saikyou no Umi o Mezashite,2012,116,7.3
175,574,"96,229",-,1,575,Z no Yabou Hen: Chiisana Kyojin Lily!,2012,106,7.0
176,575,"94,756",-,1,576,Z no Yabou Hen: Nazo no Saikyou Gundan Toujou!,2012,109,7.0
177,576,"95,853",-,1,577,Z no Yabou Hen: Kesshi no Dai Dasshutsu Sakusen!,2012,110,6.9
178,577,"93,849",-,1,578,Z no Yabou Hen: Luffy VS Shuzo!,2012,121,6.7
179,578,"81,311",-,1,579,Jouriku! Moeru Shima Punk Hazard,2013,126,7.4
180,579,"86,673",-,1,580,Shakunetsu no Tatakai! Luffy Tai Kyodai Ryuu!,2013,120,7.2
181,580,"90,063",-,1,581,Ichimi Souzen! Shougeki no Kubi dake Samurai Toujou!,2013,119,7.0
182,581,"87,560",-,1,582,Kyougaku! Tsui ni Akasareru Shima no Himitsu,2013,118,7.2
183,582,"90,917",-,1,583,Kodomo-tachi o Sukue! Ichimi Sentou Kaishi,2013,117,7.0
184,583,"86,041",-,1,584,Kenjutsu Shoubu: Brook Tai Nazo no Doutai Samurai,2013,115,7.4
185,584,"83,349",-,1,585,Shichibukai! Trafalgar Law,2013,118,7.5
186,585,"84,165",-,1,586,Dai Pinch: Luffy Gokkan no Mizuumi ni Shizumu,2013,116,7.5
187,586,"78,055",1,1,587,Gekitotsu! Law VS Smoker Chuujou,2013,118,7.9
188,587,"84,653",-,1,588,2 Nenburi no Saikai! Luffy to Law,2013,115,7.5
189,588,"87,855",-,1,589,Sekai Saiaku Kyoufu no Kagakusha Caesar,2013,114,7.3
190,589,"108,155",-,1,590,Jijou Saikyou Colabo VS Umi no Taishokukan,2013,122,5.9
191,590,"87,456",-,1,591,Chopper Gekido Master Hidounaru Jikken,2013,115,7.3
192,591,"90,918",-,1,592,Ichimi Massatsu! Densetsu no Koroshiya Raishuu!,2013,117,7.0
193,592,"84,753",-,1,593,Nami o Sukue! Luffy Yukiyama no Tatakai,2013,118,7.4
194,593,"81,118",-,1,594,Kessei! Luffy-Law Kaizoku Doumei!,2013,120,7.6
195,594,"87,856",-,1,595,Master o Toraero: Kaizoku Doumei Sakusen Kaishi!,2013,114,7.3
196,595,"87,457",-,1,596,Zenmetsu no Kiki: Shi no Monster Hirai,2013,115,7.3
197,596,"82,316",-,1,597,Dai-Gekisen: Caesar Shin no Nouryoku Hatsudou!,2013,114,7.7
198,597,"87,857",-,1,598,Honoo Kirisaku Samurai! Kitsunebi no Kin'emon!,2013,114,7.3
199,598,"85,169",-,1,599,Shougeki! Nazo no Otoko Vergo no Shoutai!,2013,117,7.4
200,599,"87,947",-,1,600,Kodomo-tachi o Mamore! Semaru Master no Ma no Te,2013,117,7.2
201,600,"86,577",-,1,601,Shin Sekai Gekishin: Caesar Akumu no Jikken,2013,117,7.3
202,601,"87,858",-,1,602,Shijou Saiaku no Satsuriku Heiki! Shinokuni,2013,114,7.3
203,602,"83,264",1,1,603,Hangeki Kaishi! Luffy-Law Daidasshutsu,2013,115,7.6
204,603,"86,042",-,1,604,Mezase R-tou! Kaizoku Doumei Kaishingeki!,2013,115,7.4
205,604,"89,090",-,1,605,Tashigi no Namida: G-5 Kesshi no Toppa Sakusen,2013,118,7.1
206,605,"86,578",-,1,606,Uragiri no Chuujou! Kichiku no Vergo,2013,117,7.3
207,606,"79,381",-,1,607,Hakunetsu no Gekisen: Luffy VS Caesar,2013,115,7.9
208,607,"85,170",-,1,608,Yami no Kuromaku! Doflamingo Ugoku!,2013,117,7.4
209,608,"85,171",-,1,609,Luffy Toushi!? Kyoufu no Yukionna Monet!,2013,117,7.4
210,609,"87,948",1,1,610,Butsukaru Kobushi! Futari no Chuujou no Tatakai,2013,117,7.2
211,610,"88,466",-,1,611,Chiisana Dragon! Momonosuke Arawaru,2013,116,7.2
212,611,"86,043",-,1,612,Fubuki no Shitou: Mugiwara no Ichimi Tai Yukionna,2013,115,7.4
213,612,"72,213",1,1,613,Ougi Sakuretsu! Zoro Saikyou no Ittou-ryuu!,2013,130,8.0
214,613,"82,477",-,1,614,Tomodachi o Mamoru! Mocha Inochi-gake no Tousou,2013,120,7.5
215,614,"82,823",-,1,615,Chahige Hitsuu! Luffy Ikari no Ichigeki,2013,116,7.6
216,615,"67,927",1,1,616,Shougeki no Kecchaku! Smoker Tai Vergo!,2013,136,8.2
217,616,"78,583",-,1,617,Caesar Gekiha! Saikyou no Grizzly Magnum,2013,123,7.7
218,617,"84,655",-,1,618,Shuurai! Dressrosa kara no Shikaku,2013,115,7.5
219,618,"81,574",-,1,619,Ooabare! Muteki no Franky Shougun,2013,119,7.6
220,619,"78,978",1,1,620,Zettai Zetsumei! Punk Hazard Dai-Bakuhatsu,2013,122,7.7
221,620,"77,715",-,1,621,Caesar o Hokaku-seyo - General Canon Sakuretsu,2013,122,7.8
222,621,"80,300",-,1,622,Kandou no Saikai! Momonosuke to Kin'emon,2013,122,7.6
223,622,"82,576",-,1,623,Sekibetsu no Toki - Punk Hazard Shukkou!,2013,123,7.4
224,623,"71,273",4,1,624,G-5 Kaimetsu! Doflamingo Kyuushuu!,2013,136,7.9
225,624,"73,510",1,1,625,Kinpaku! Aokiji tai Doflamingo,2013,133,7.8
226,625,"93,412",-,1,626,Kieta Caesar! Kaizoku Doumei Shutsugeki,2013,115,6.9
227,626,"95,520",-,1,627,Luffy Umi ni Shisu!? Kaizoku Doumei Houkai,2014,114,6.8
228,627,"98,208",-,1,628,Daigyakuten! Sakuretsu Luffy Ikari no Tekken,2014,112,6.7
229,628,"71,276",-,1,629,Gekishin! Shinsekai Ugokasu Dai News,2014,136,7.9
230,629,"73,385",-,1,630,Bouken! Ai to Jounetsu no Kuni Dressrosa,2014,130,7.9
231,630,"69,783",-,1,631,Nekkyou Uzumaku: Corrida Colosseum,2014,137,8.0
232,631,"76,136",-,1,632,Kiken na Koi: Odoriko Violet,2014,126,7.8
233,632,"76,137",-,1,633,Saikyou no Mumei Senshi! Lucy Toujou,2014,126,7.8
234,633,"76,529",-,1,634,Kaizoku Kikoushi Cavendish,2014,125,7.8
235,634,"74,881",-,1,635,Unmei no Saikai: Hyena no Bellamy,2014,126,7.9
236,635,"75,229",-,1,636,Choushinsei! Hitokui no Bartolomeo,2014,125,7.9
237,636,"77,199",-,1,637,Gun'yuu Kakkyo! Hakunetsu no B Block!,2014,120,7.9
238,637,"74,882",-,1,638,Ichigeki Hissatsu! Kyoui no King Punch,2014,126,7.9
239,638,"78,972",-,1,639,Tougyo Shuurai! Shi no Tekkyou o Toppa Seyo,2014,122,7.7
240,639,"84,295",-,1,640,Bouken! Yousei no Shima Green Bit,2014,119,7.4
241,640,"82,487",-,1,641,Shirarezaru Sekai Tontatta Oukoku,2014,120,7.5
242,641,"75,165",1,1,642,Seiki no Bouryaku: Doflamingo Ugoku,2014,122,8.0
243,642,"72,523",-,1,643,Tenchi Yurugasu! Taishou Fujitora no Jitsuryoku,2014,126,8.1
244,643,"76,893",-,1,644,Ikari no Ichigeki! Kyojin vs Lucy,2014,124,7.8
245,644,"83,482",-,1,645,Hakai-hou Sakuretsu! Lucy Kikiippatsu,2014,121,7.4
246,645,"63,120",1,1,646,Densetsu no Kaizoku - Don Chinjao!,2014,148,8.3
247,646,"81,584",-,1,647,Hikari to Kage - Dressrosa ni Hisomu Yami!,2014,119,7.6
248,647,"80,624",-,1,648,Shutsugeki - Densetsu no Hero Usoland,2014,118,7.7
249,648,"69,672",-,1,649,Gekisen Kecchaku! Lucy VS Chinjao!,2014,134,8.1
250,649,"78,051",-,1,650,Luffy to Shukumei no Ken Toushi Rebecca,2014,118,7.9
251,650,"80,577",-,1,651,Mamorinuku! Rebecca to Omocha no Heitai,2014,115,7.8
252,651,"83,689",-,1,652,Saigo no Chou Gekisen Ku - D Block Kaisen,2014,114,7.6
253,652,"84,156",-,1,653,Kessen! Joura vs Mugiwara no Ichimi,2014,113,7.6
254,653,"77,651",-,1,654,Yoshiken! Hakuba no Cavendish,2014,119,7.9
255,654,"68,377",-,1,655,Dai Kessen! Sanji VS Doflamingo,2014,138,8.1
256,655,"79,324",-,1,656,Rebecca no Shi no Ken! Haisui no Kenbu,2014,118,7.8
257,656,"83,690",-,1,657,Saikyou no Senshi! Logan vs Rebecca,2014,114,7.6
258,657,"81,994",-,1,658,Shougeki! Omocha no Heitai no Shoutai!,2014,112,7.8
259,658,"77,241",-,1,659,Senritsu no Kako! Dressrosa no Himitsu,2014,117,8.0
260,659,"76,420",-,1,660,Akumu! Dressrosa Higeki no Ichiya,2014,119,8.0
261,660,"64,189",2,1,661,Shichibukai Taiketsu Law VS Doflamingo,2014,141,8.4
262,661,"64,732",1,1,662,Ryouyuu Aimamieru! Mugiwara to Ten Yasha,2014,139,8.4
263,662,"45,219",12,1,663,Luffy Kyougaku: Ace no Ishi o Tsugu Otoko,2014,201,8.9
264,663,"84,154",-,1,664,SOP Sakusen Kaishi: Usoland Totsugeki,2014,113,7.6
265,664,"84,155",-,1,665,Atsuki Omoi - Rebecca vs. Suleiman,2014,113,7.6
266,665,"81,995",-,1,666,Shousha Kettei!? D Block Shougeki no Ketsumatsu,2014,112,7.8
267,666,"79,326",-,1,667,Taishou no Ketsudan - Fujitora vs. Doflamingo,2014,118,7.8
268,667,"80,576",-,1,668,Kesshou Kaishi: Eiyuu Diamante Toujou,2014,115,7.8
269,668,"80,119",-,1,669,Ugoku Shiro! Saikou Kanbu Pica Shutsugen,2014,116,7.8
270,669,"75,567",-,1,670,Ryuu no Tsume Sakuretsu! Lucy Kyoui no Ichigeki!,2014,121,8.0
271,670,"81,992",-,1,671,Tatou Sugar: Kodomo no Heitai Totsugeki!,2014,112,7.8
272,671,"81,512",-,1,672,Saigo no Hikari: Warera ga Taichou no Himitsu!,2014,113,7.8
273,672,"82,438",-,1,673,Panku Ningen: Gladius Dai Bakuhatsu!,2014,111,7.8
274,673,"80,575",-,1,674,Usotsuki Usoland Tousouchuu!,2014,115,7.8
275,674,"73,250",-,1,675,Unmei no Deai: Kyros to Riku Ou,2014,124,8.1
276,675,"74,446",1,1,676,Sakusen Shippai! Eiyuu Usoland Shisu!?,2014,124,8.0
277,676,"54,238",4,1,677,Densetsu Fukkatsu! Kyros Konshin no Ichigeki,2015,169,8.6
278,677,"55,978",6,1,678,Kaken Sakuretsu! Fukkatsu Meramera no Mi no Chikara,2015,162,8.6
279,678,"73,977",-,1,679,Sassou Toujou: Kakumeigun Sanbou Souchou Sabo!,2015,122,8.1
280,679,"76,061",-,1,680,Akuma no Wana: Dressrosa Senmetsu Sakusen,2015,117,8.1
281,680,"78,926",-,1,681,Go-oku no Otoko: Nerawareta Usoland!,2015,116,7.9
282,681,"83,696",-,1,682,Tekijin Toppa: Luffy Zoro Hangeki Kaishi,2015,114,7.6
283,682,"79,837",-,1,683,Daichi Meidou: Hakai Kami Kyoudai Pica Kourin,2015,114,7.9
284,683,"81,991",-,1,684,Daishuuketsu! Luffy to Kyouaku Senshi Gundan,2015,112,7.8
285,684,"76,816",-,1,685,Kaishingeki! Luffy Gundan vs Pica!,2015,118,8.0
286,685,"78,458",-,1,686,Shougeki Kokuhaku! Law Atsuki Tamashii no Chikai!,2015,117,7.9
287,686,"65,959",1,1,687,Daigekitotsu! Sanbou Souchou Sabo vs Taishou Fujitora,2015,142,8.2
288,687,"76,028",-,1,688,Zettaizetsumei: Wana ni Kakatta Luffy!,2015,123,7.9
289,688,"76,449",-,1,689,Daidasshutsu! Luffy Kishikaisei no Elephant Gun,2015,122,7.9
290,689,"80,716",-,1,690,Kyoudousensen: Luffy Shouri e no Toppakou,2015,121,7.6
291,690,"81,490",-,1,691,Futarime no Samurai: Yuudachi Kanjuurou Toujou,2015,116,7.7
292,691,"71,670",1,1,692,Funtou to no Pica: Zoro Ichi Todome no Ichigeki,2015,125,8.2
293,692,"84,170",-,1,693,Kobito no Hime: Toraware no Mansherry,2015,116,7.5
294,693,"85,599",-,1,694,Fujimi! Kyoufu no Atamawari Ningyou Gundan,2015,116,7.4
295,694,"75,566",-,1,695,Inochi Kakete! Luffy wa Shouri no Kirifuda,2015,121,8.0
296,695,"73,592",-,1,696,Namida no Saikai: Rebecca to Kyros,2015,120,8.2
297,696,"65,410",2,1,697,Ichigeki Hissatsu: Dressrosa o Sukuu Otoko,2015,137,8.4
298,697,"50,194",5,1,698,Ikari Bakuhatsu: Luffy Law Saikyou no Hisaku,2015,179,8.8
299,698,"64,681",1,1,699,Kedakaki Ichizoku! Doflamingo no Shoutai!,2015,136,8.5
300,699,"72,033",2,1,700,Kyuukyoku no Chikara: Op-Op no Jitsu no Himitsu!,2015,124,8.2
301,700,"67,047",4,1,701,Kanashiki Kioku: Shiroi Machi no Shounen Law!,2015,132,8.4
302,701,"67,866",2,1,702,Tenryuubito! Doffy no Souzetsu Naru Kako,2015,133,8.3
303,702,"58,062",4,1,703,Kunan no Michi: Law to Corazon Inochi no Tabi,2015,151,8.7
304,703,"63,385",2,1,704,Toki Sameru! Op-Op no Mi o Ubae!,2015,137,8.6
305,704,"60,565",2,1,705,Kakugo no Toki: Corazon Wakare no Egao!,2015,146,8.6
306,705,"44,706",11,1,706,Yuke Law: Yasashiki Otoko Saigo no Tatakai!,2015,204,8.9
307,706,"77,682",1,1,707,Jiyuu e! Law Injection Shot Sakuretsu,2015,116,8.0
308,707,"61,716",3,1,708,Atsuki Tatakai: Law vs Doflamingo,2015,142,8.6
309,708,"82,895",-,1,709,Kanbu Kessen: Hokori Takaki Hajrudin,2015,110,7.8
310,709,"80,783",-,1,710,Ai no Kessen: Shintouryou Sai tai Baby 5,2015,109,8.0
311,710,"80,326",-,1,711,Otoko no Iji: Bellamy Saigo no Totsugeki!,2015,110,8.0
312,711,"79,125",1,1,712,Shippuudotou: Hakuba tai Dellinger,2015,110,8.1
313,712,"75,803",-,1,713,Baribari: Homage Shinken Hatsudou!,2015,112,8.3
314,713,"86,790",-,1,714,Iyashi no Hime: Mansherry o Sukue!,2015,102,7.8
315,714,"72,044",1,1,715,Otoko no Kettou: Senor Ai no Banka,2015,121,8.3
316,715,"76,571",1,1,716,Shi no Hoshikuzu: Diamante Moukou no Arashi,2015,113,8.2
317,716,"75,367",1,1,717,Trueno Bastardo: Kyros Ikari no Ichigeki,2015,113,8.3
318,717,"76,858",-,1,718,Daichi Oudan: Kyozou Pica Kishuu Sakusen!,2015,115,8.1
319,718,"36,067",17,1,719,Kuuchuu Kessen: Zoro Shin Hissastsu Ougi Sakuretsu!,2015,262,9.1
320,719,"69,523",-,1,720,Abayo! Bellamy Wakare no Ichigeki!,2015,125,8.4
321,720,"69,524",-,1,721,Law Shisu: Luffy Fundo no Moukougeki!,2015,125,8.4
322,721,"66,704",3,1,722,Shuunen no Yaiba: Gyakushuu no Gamma Knife!,2015,130,8.5
323,722,"47,172",9,1,723,Haki Gekitotsu: Luffy tai Doflamingo,2015,190,8.9
324,723,"69,872",-,1,724,Kougeki Funou: Trebol Shougeki no Himitsu,2015,124,8.4
325,724,"56,977",4,1,725,Ikari Bakuhatsu: Ore ga Zenbu Hikiukeru,2016,158,8.6
326,725,"30,035",23,1,726,Gear Fourth! Kyoui no Bounce Man!,2016,328,9.2
327,726,"74,470",-,1,727,Daigyakushuu! Doflamingo no Kakusei!,2016,118,8.2
328,727,"54,367",5,1,728,Luffy! Konshin no Leo Bazooka,2016,161,8.8
329,728,"73,704",-,1,729,Kaen Ryuuou: Luffy no Inochi o Mamorinuke,2016,117,8.3
330,729,"87,633",-,1,730,Kiseki no Namida: Mansherry no Tatakai!,2016,103,7.7
331,730,"88,320",-,1,731,Inochi no Kagiri: Shi no Tori Kago o Tomero!,2016,110,7.4
332,731,"82,122",-,1,732,Sei ka Shi ka: Unmei no Countdown,2016,109,7.9
333,732,"47,660",5,1,733,Ten o Utsu: Luffy Ikari no King Kong Gun,2016,192,8.8
334,733,"85,125",-,1,734,Jiyuu e! Yorokobi no Dressrosa!,2016,111,7.6
335,734,"74,403",-,1,735,Zendaimimon: Taishou Fujitora Shougeki no Ketsudan!,2016,121,8.1
336,735,"67,404",1,1,736,Gekishin Hashiru: Ugokidasu Saiaku no Sedai!,2016,128,8.5
337,736,"76,555",1,1,737,Densetsu Tanjou: Kakumei Senshi Sabo no Bouken!,2016,113,8.2
338,737,"75,671",-,1,738,Kyoudai no Kizuna: Luffy Sabo Saikai Hiwa,2016,115,8.2
339,738,"51,012",4,1,739,Saikyou no Seibutsu: Yonkou - Hyakujuu no Kaidou,2016,179,8.7
340,739,"85,316",-,1,740,Fujitora Ugoku: Mugiwara no Ichimi Kanzen Houimou,2016,105,7.8
341,740,"84,334",-,1,741,Hijoujitai: Sarawareta Rebecca!,2016,107,7.8
342,741,"85,671",-,1,742,Oyako no Kizuna: Kyros to Rebecca!,2016,107,7.7
343,742,"69,575",2,1,743,Otoko no Iji: Luffy tai Fujitora Makkou Shoubu,2016,122,8.5
344,743,"68,802",2,1,744,Nigeba Nashi: Taishou Fujitora Hijou no Tsuigeki!,2016,124,8.5
345,744,"62,829",3,1,745,Kobun no Sakazuki: Kessei! Mugiwara Daisendan!,2016,142,8.5
346,745,"75,251",2,1,746,Gun'yuukakyo: Arekuruu Shinsekai no Kaibutsu-tachi,2016,116,8.2
347,746,"96,261",-,1,747,Gin no Yousai: Luffy to Barto Daibouken,2016,109,6.9
348,747,"107,851",-,1,748,Chika Meikyuu: Luffy tai Torokko Ningen,2016,101,6.5
349,748,"107,252",-,1,749,Kengi Hakunetsu: Law Zoro Tsui ni Kenzan!,2016,96,6.7
350,749,"107,911",-,1,750,Zettaizetsumei: Luffy Kyokugen no Shakunetsu Kessen,2016,95,6.7
351,750,"93,689",-,1,751,Bouken Kaimaku: Maboroshi no Shima &quot;Zou&quot; Touchaku!,2016,105,7.2
352,751,"82,120",1,1,752,Shin Shichi Bukai: Densetsu Shirohige no Musuko Toujou,2016,109,7.9
353,752,"90,259",-,1,753,Kesshi no Tozou: Kyozou no Se no Daibouken!,2016,106,7.4
354,753,"95,499",-,1,754,Sentou Kaishi: Luffy vs Mink-zoku!,2016,99,7.3
355,754,"92,824",-,1,755,Garchuu! Mugiwara no Ichimi Saishuuketsu,2016,101,7.4
356,755,"95,500",-,1,756,Hangeki Kaishi: Guruwara no Ichimi Daikatsuyaku!,2016,99,7.3
357,756,"89,130",-,1,757,Kyoui Shuurai: Hyakujuu Kaizokudan Jack!,2016,100,7.7
358,757,"92,463",-,1,758,Hiru no Ou: Inuarashi Koushaku Toujou!,2016,99,7.5
359,758,"85,946",1,1,759,Yoru no Ou: Nekomamushi no Danna Kenzan,2016,101,7.9
360,759,"84,987",1,1,760,Shuto Kaimetsu: Guruware no Ichimi Jouriku!,2016,103,7.9
361,760,"90,968",1,1,761,Limit Semaru: Mink-zoku to Ichimi no Kizuna!,2016,99,7.6
362,761,"84,096",2,1,762,Akudou Kikyou: Yonkou Big Mom no Shikaku,2016,102,8.0
363,762,"84,097",2,1,763,Shissou no Shinjitsu: Sanji Kyougaku no Shoutaijou,2016,102,8.0
364,763,"80,456",3,1,764,Yarou Domo e: Sanji Wakare no Okitegami,2016,107,8.1
365,764,"95,571",1,1,765,Nekomamushi no Danna ni Ai ni Ikou,2016,96,7.4
366,765,"93,486",-,1,766,Luffy Ketsudan: Sanji Dattai no Kiki!,2016,97,7.5
367,766,"72,127",3,1,767,Isshokusokuhatsu: Inu to Neko to Samurai!,2016,118,8.4
368,767,"87,640",-,1,768,Sanninme! Ninja Kiri no Raizou Toujou,2016,103,7.7
369,768,"75,205",-,1,769,Akai Ishi! &quot;One Piece&quot; e no Michishirube,2016,119,8.1
370,769,"74,109",2,1,770,Wano Kuni no Himitsu: Kouzuki-ke to Rekishi no Ponegliffs,2016,116,8.3
371,770,"86,656",1,1,771,Okoto no Chikai: Luffy to Kouzuki Momonosuke,2017,105,7.7
372,771,"92,671",-,1,772,Densetsu no Koukai: Inu to Neko to Kaizokuou!,2017,96,7.6
373,772,"93,897",-,1,773,Akumu Futatabi: Fujimi no Jack Kyoushuu,2017,94,7.6
374,773,"87,242",1,1,774,Zou Boueisen: Luffy to Zunesha!,2017,101,7.8
375,774,"104,368",-,1,775,Zunesha o Sukue: Mugiwara Rescue Daisakusen!,2017,87,7.2
376,775,"94,977",-,1,776,Wakare no Gezou: Sanji Dakkan no Funade!,2017,92,7.6
377,776,"101,005",-,1,777,Reverie e: Oujo Vivi to Shirahoshi-hime,2017,95,7.1
378,777,"101,540",-,1,778,Reverie e: Rebecca to Sakura Oukoku,2017,89,7.3
379,778,"95,604",-,1,779,Kaidou Futatabi: Kyoui Semaru Saiaku no Sedai!,2017,91,7.6
380,779,"108,112",-,1,780,Harapeko Sensen: Luffy to Kaigun Rookie!,2017,82,7.2
381,780,"107,967",-,1,781,Shuunen no 3 Nin: Mugiwara Ichimi Dai Chase!,2017,80,7.3
382,781,"103,307",-,1,782,Akuma no Kobushi: Kessen! Luffy tai Grant,2017,84,7.4
383,782,"97,503",-,1,783,Sanji Kikyou: Big Mom no Nawabari e!,2017,88,7.6
384,783,"97,504",1,1,784,Rei to Yon: Souguu! Germa Double Six,2017,88,7.6
385,784,"82,637",3,1,785,Moudoku no Kiki: Luffy to Reiju!,2017,100,8.2
386,785,"91,535",-,1,786,Totto Land! Yonkou Big Mom Toujou,2017,98,7.6
387,786,"93,283",-,1,787,Yonkou no Musume: Sanji no Fiancee Purin,2017,95,7.6
388,787,"98,851",-,1,788,Dai Shingeki! Kui Wazurai no Mom,2017,86,7.6
389,788,"94,784",-,1,789,Shuto Houkai!? Big Mom to Jinbee,2017,90,7.7
390,789,"98,263",-,1,790,Yonkou No Shiro: Whole Cake Island Touchaku,2017,87,7.6
391,790,"102,688",-,1,791,Okashi na Mori: Luffy tai Luffy!?,2017,85,7.4
392,791,"102,689",-,1,792,Mom no Shikaku: Luffy to Yuuwaku no Mori!,2017,85,7.4
393,792,"95,960",-,1,793,Kaiyuu Kokka: Germa no Ou Judge,2017,93,7.5
394,793,"97,502",-,1,794,Oyako Taiketsu: Judge tai Sanji!,2017,88,7.6
395,794,"99,005",-,1,795,Kyoudai na Yabou: Big Mom to Caesar,2017,88,7.5
396,795,"101,803",-,1,796,Tamashii no Kuni: Mom no Osorubeki Nouryoku!,2017,84,7.5
397,796,"97,319",-,1,797,Daikanbu! Sanshousei Cracker Toujou!,2017,86,7.7
398,797,"93,542",-,1,798,8 Oku no Teki: Luffy tai Senshu no Cracker,2017,92,7.7
399,798,"88,095",2,1,799,Zenryoku Shoubu: Gear Fourth tai Bisbis no Chikara,2017,97,7.9
400,799,"89,188",1,1,800,Ichi to Ni: Shuuketsu! Vinsmoke-ke,2017,95,7.9
401,800,"91,851",1,1,801,Onjin no Inochi: Sanji to Owner Zeff,2017,95,7.7
402,801,"84,061",2,1,802,Ikari no Sanji: Germa Double Six no Himitsu,2017,95,8.3
403,802,"79,038",3,1,803,Suteta Kako: Vinsmoke Sanji,2017,100,8.5
404,803,"40,918",24,1,804,East Blue e: Sanji Ketsui no Funade,2017,215,9.2
405,804,"76,201",2,1,805,Genkai Shoubu: Luffy to Mugen Biscuit,2017,106,8.5
406,805,"65,324",4,1,806,Manpuku no Chikara: Shin Gear Fourth Tan Man!,2017,125,8.8
407,806,"57,178",2,1,807,Kanashiki Kettou: Luffy tai Sanji (Zenpen),2017,169,8.3
408,807,"18,272",58,1,808,Kanashiki Kettou: Luffy tai Sanji (Kouhen),2017,571,9.6
409,808,"72,699",3,1,809,Fukushuu no Arashi: Ikari no Gundan Shuurai!,2017,114,8.5
410,809,"71,992",3,1,810,Bouken no Owari: Sanji Ketsui no Propose,2017,113,8.6
411,810,"76,202",3,1,811,Koko de Matsu: Luffy tai Ikari no Gundan,2017,106,8.5
412,811,"76,203",3,1,812,Chateau Sennyuu: Ubae! Road Ponegliff,2017,106,8.5
413,812,"86,388",3,1,813,Innnen no Taimen: Luffy to Big Mom!,2017,93,8.2
414,813,"77,832",3,1,814,Tamashii no Sakebi: Brook &amp; Pedro Dengeki Sakusen,2017,105,8.4
415,814,"77,061",3,1,815,Sayonara: Purin Namida no Ketsui,2017,104,8.5
416,815,"73,681",3,1,816,Hidari Me no Innen: Pedro tai Tamago-Danshaku,2017,109,8.6
417,816,"37,535",21,1,817,Shikemoku: Sanji no Kekkon Zen'ya,2017,242,9.2
418,817,"71,991",3,1,818,Fukutsu no Soul: Brook tai Big Mom,2017,113,8.6
419,818,"73,933",2,1,819,Sora no Negai: Germa no Shippaisaku Sanji,2017,111,8.5
420,819,"71,196",4,1,820,Sanji no Moto e: Luffy Gyakushuu no Dai Gekisou!,2018,115,8.6
421,820,"82,638",4,1,821,Chateau Douran: Luffy Yakusoku no Basho e,2018,100,8.2
422,821,"95,607",3,1,822,Wakare no Ketsui: Sanji to Mugiwara Bentou,2018,91,7.6
423,822,"90,969",2,1,823,Yonkou no Negaeri: Brook Kyuushutsu Daisakusen!,2018,99,7.6
424,823,"82,946",4,1,824,"The Rendezvous! Luffy, a One-on-One at His Limit!",2018,102,8.1
425,824,"70,449",4,1,825,A Liar! Luffy and Sanji!!,2018,117,8.6
426,825,"86,010",3,1,826,Sanji Comes Back! Crash! The Tea Party from Hell!,2018,96,8.1
427,826,"93,893",4,1,827,A Secret Meeting! Luffy vs. the Fire Tank Pirates!,2018,94,7.6
428,827,"92,912",2,1,828,The Deadly Pact! Luffy &amp; Bege's Allied Forces!,2018,93,7.7
429,828,"98,741",2,1,829,Luffy Engages in a Secret Maneuver! The Wedding Full of Consp...,2018,84,7.7
430,829,"84,773",3,1,830,The Family Gets Together! The Hellish Tea Party Starts!,2018,96,8.2
431,830,"99,531",3,1,831,The Broken Couple! Sanji and Pudding Enter!,2018,85,7.6
432,831,"76,396",2,1,832,A Deadly Kiss! The Mission to Assassinate the Emperor Kicks Off!,2018,103,8.6
433,832,"44,896",16,1,833,Returning the Sake Cup! The Manly Jimbei Pays His Debt!,2018,194,9.1
434,833,"88,031",3,1,834,The Mission Failed?! The Big Mom Pirates Strike Back!,2018,88,8.3
435,834,"88,621",3,1,835,"Run, Sanji! SOS! Germa 66!",2018,87,8.3
436,835,"106,923",2,1,836,Mom's Secret! The Giant's Island Elbaph and a Little Monster!,2018,77,7.5
437,836,"92,995",2,1,837,The Birth of Mom! The Day That Carmel Vanished!,2018,84,8.1
438,837,"99,355",2,1,838,The Launcher Blasts! The Moment of Big Mom's Assassination!,2018,83,7.7
439,838,"101,605",2,1,839,The Evil Army! Transform! Germa 66!,2018,82,7.6
440,839,"104,015",3,1,840,Cutting the Father-Son Relationship! Sanji and Judge!,2018,83,7.4
441,840,"95,723",3,1,841,Escape From the Tea Party! Luffy vs. Big Mom!,2018,82,8.0
442,841,"99,926",2,1,842,The Execution Begins! Luffy's Allied Forces Are Annihilated?!&quot;,2018,78,7.9
443,842,"112,998",2,1,843,The Chateau Collapses! The Straw Hat's Great Escape Begins!,2018,70,7.5
444,843,"112,204",3,1,844,The Spear of Elbaph! Onslaught! The Flying Big Mom!,2018,77,7.2
445,844,"106,098",2,1,845,Pudding's Determination! Ablaze! The Seducing Woods!,2018,76,7.6
446,845,"106,099",3,1,846,A Lightning Counterattack! Nami and Zeus the Thundercloud!,2018,76,7.6
447,846,"104,539",2,1,847,A Coincidental Reunion! Sanji and the Lovestruck Evil Pudding!,2018,78,7.6
448,847,"107,078",3,1,848,Save the Sunny! Fighting Bravely! Chopper and Brook!,2018,79,7.4
449,848,"60,994",8,1,849,"Before the Dawn! Pedro, the Captain of the Guardians!",2018,138,8.8
450,849,"56,863",10,1,850,"I'll Be Back! Luffy, Deadly Departure!",2018,148,8.9
451,850,"87,545",1,1,851,The Man with a Bounty of Billion! The Strongest Sweet General...,2018,91,8.2
452,851,"84,586",2,1,852,A Hard Battle Starts! Luffy vs. Katakuri!,2018,94,8.3
453,852,"97,320",1,1,853,"The Green Room! An Invincible Helmsman, Jimbei!",2018,86,7.7
454,853,"89,418",1,1,854,The Threat of the Mole! Luffy's Silent Fight!,2018,90,8.1
455,854,"93,882",1,1,855,The End of the Deadly Battle?! Katakuri's Awakening in Anger!,2018,87,7.9
456,855,"51,718",8,1,856,The Forbidden Secret! Katakuri's Merienda!,2018,168,8.9
457,856,"90,671",2,1,857,Luffy Fights Back! The Invincible Katakuri's Weak Point!,2018,90,8.0
458,857,"101,800",1,1,858,Another Crisis! Gear Four vs. Unstoppable Donuts!,2018,84,7.5
459,858,"110,526",1,1,859,"The Rebellious Daughter, Chiffon! Sanji's Big Plan for Transp...",2018,79,7.2
460,859,"103,867",1,1,860,The Cake Sank?! Sanji and Bege's Getaway Battle!,2018,81,7.5
461,860,"110,308",1,1,861,The Cake Sank?! Sanji and Bege's Getaway Battle!,2018,77,7.3
462,861,"72,698",4,1,862,Sulong! Carrot's Big Mystic Transformation!,2018,114,8.5
463,862,"103,868",1,1,863,Break Through! The Straw Hat's Mighty Sea Battle!,2018,81,7.5
464,863,"96,708",1,1,864,Finally Clash - Yonko VS Straw Hat Crew,2018,87,7.7
465,864,"96,569",1,1,865,Dark King's Direct Precepts! The Battle Against Katakuri Turn...,2018,85,7.8
466,865,"103,303",1,1,866,"Finally He Returns! Sanji, the Man Who'll Stop the Emperor of...",2018,84,7.4
467,866,"81,376",3,1,867,Lurking in the Darkness! An Assassin Targeting Luffy!,2019,105,8.1
468,867,"37,048",22,1,868,One Man's Determination! Katakuri's Deadly Big Fight!,2019,252,9.1
469,868,"61,971",6,1,869,Wake Up! The Color of Observation Able to Top the Strongest!,2019,135,8.8
470,869,"15,729",80,1,870,A Fist of Divine Speed! Another Gear Four Application Activated!,2019,683,9.5
471,870,"56,862",12,1,871,Finally Concluded - An Outcome of the Fierce Battle with Kata...,2019,148,8.9
472,871,"88,272",1,1,872,A Desperate Situation! The Iron-Tight Entrapment of Luffy!,2019,92,8.1
473,872,"86,319",1,1,873,Pulling Back from the Brink! The Formidable Reinforcements - ...,2019,91,8.3
474,873,"96,457",1,1,874,The Last Hope! The Sun Pirates Emerge!,2019,83,7.9
475,874,"87,269",3,1,875,A Fascinating Taste - Sanji's Cake of Happiness,2019,96,8.0
476,875,"84,584",1,1,876,"The Man of Humanity and Justice - Jinbe, a Desperate Massive ...",2019,94,8.3
477,876,"38,952",20,1,877,Time for Farewell! Pudding's One Last Request!,2019,235,9.1
478,877,"81,085",1,1,878,The World in Shock! The Fifth Emperor of the Sea Arrives!,2019,114,7.8
479,878,"99,319",1,1,879,To the Levely! Gathering of the Straw Hat Allies!,2019,95,7.2
480,879,"91,492",3,1,880,Sabo Goes into Action! All the Captains of the Revolutionary ...,2019,98,7.6
481,880,"116,089",5,1,881,Going into Action! The Implacable New Admiral of the Fleet - ...,2019,120,5.6
482,881,"110,806",3,1,882,The Paramount War! The Inherited Will of the King of the Pira...,2019,113,6.0
483,882,"110,797",2,1,883,One Step Ahead of the Dream - Shirahoshi's Path to the Sun!,2019,106,6.2
484,883,"108,150",2,1,884,I Miss Him! Vivi and Rebecca's Sentiments!,2019,107,6.3
485,884,"92,212",2,1,885,In the Dark Recesses of the Holyland! A Mysterious Giant Stra...,2019,114,7.0
486,885,"93,460",3,1,886,The Uproarious Holy Land - Princess Shirahoshi is being targe...,2019,118,6.8
487,886,"66,430",3,1,887,On the Verge - The Two Yonko Targeting Luffy,2019,144,8.1
488,887,"78,078",3,1,888,Sabo Gets Angry - Tragedy of the Revolutionary Army Officer Kuma,2019,121,7.8
489,888,"88,321",3,1,889,"Finally, It Starts! The Conspiracy-filled Reverie!",2019,110,7.4
490,889,"99,853",1,1,890,Marco! The Keeper of Whitebeard's Last Memento!,2019,94,7.2
491,890,"57,213",3,1,891,Climbing Up a Waterfall! A Great Journey Through the Land of ...,2019,161,8.5
492,891,"29,288",29,1,892,Wano Country! To the Land of Dancing Sakura and Samurai,2019,340,9.2
493,892,"51,888",5,1,893,Otama Appears! Luffy vs. Kaido's Army!,2019,171,8.8
494,893,"51,654",6,1,894,He'll Come! The Legend of Ace in the Land of Wano!,2019,172,8.8
495,894,"117,329",-,1,895,"Side Story! The World's Greatest Bounty Hunter, Cidre!",2019,96,6.2
496,895,"126,450",1,1,896,Side Story! Clash! Luffy vs. the King of Carbonation!,2019,91,6.0
497,896,"61,848",3,1,897,"Save Otama! Straw Hat, Bounding through the Wasteland!",2019,145,8.5
498,897,"66,406",3,1,898,The Headliner! Hawkings the Magician Appears!,2019,134,8.4
499,898,"48,195",12,1,899,Defeat is Inevitable! The Strawman's Fierce Attack!,2019,185,8.9
500,899,"71,027",4,1,900,The Greatest Day of My Life! Otama and Her Sweet Red-bean Soup!,2019,121,8.4
501,900,"87,971",2,1,901,Entering Enemy Territory! The Protagonists Spread into the To...,2019,105,7.6
502,901,"89,525",2,1,902,The Yokozuna Appears! The Invincible Urashima Goes After Okiku!,2019,102,7.6
503,902,"96,899",3,1,903,A Climactic Sumo Battle! Straw Hat vs. the Strongest Ever Yok...,2019,118,6.6
504,903,"99,060",2,1,904,Luffy Rages! Rescue Otama from Danger!,2019,107,6.8
505,904,"74,034",5,1,905,Fighting for Otama! Fight against Holdem!,2019,119,8.2
506,905,"76,268",6,1,906,Duel! The Magician and the Surgeon of Death!,2019,111,8.3
507,906,"108,149",4,1,907,Romance Dawn,2019,107,6.3
508,907,"74,994",6,1,908,The Coming of the Treasure Ship! Luffytaro Returns the Favor!,2019,114,8.3
509,908,"61,121",5,1,909,Nazo no Bohyo - Oden Joseki de no Saikai!,2019,144,8.6
510,909,"70,223",6,1,910,A Legendary Samurai! The Man Who Roger Admired!,2019,123,8.4
511,910,"82,536",3,1,911,Bringing Down the Emperor of the Sea! A Secret Raid Operation...,2019,108,7.9
512,911,"38,386",21,1,912,"The Strongest Man in the World! Shutenmaru, the Thieves Briga...",2019,245,9.0
513,912,"44,651",14,1,913,Everyone is Annihilated! Kaido's Furious Blast Breath!,2019,209,8.8
514,913,"26,154",32,1,914,Finally Clashing! The Ferocious Luffy vs. Kaido!,2019,397,9.2
515,914,"30,998",21,1,915,Hakai-teki! Ichigeki Hissatsu no Raimei Hakke!,2019,321,9.1
516,915,"52,460",8,1,916,Iki-jigoku! Rufi Kutsujoku no Dai Tankutsu-jo,2020,185,8.4
517,916,"41,065",16,1,917,The Holyland in Tumult! Emperor of the Sea Blackbeard Cackles!,2020,234,8.8
518,917,"76,819",6,1,918,Ugokidasu - Dato Kaido Daikeikaku!,2020,121,7.9
519,918,"78,461",6,1,919,Rampage! The Prisoners - Luffy and Kid!,2020,117,7.9
520,919,"82,824",7,1,920,Dai Hyoban! Sanji no Ohako Soba!,2020,116,7.6
521,920,"90,380",6,1,921,Goka Kenran - Wano Kuni Ichi no Bijo: Komurasaki,2020,129,6.7
522,921,"76,454",5,1,922,A Tale of Chivalry! Zoro and Tonoyasu's Little Trip!,2020,122,7.9
523,922,"74,793",6,1,923,A State of Emergency! Big Mom Closes in!,2020,120,8.1
524,923,"52,131",11,1,924,The Capital in an Uproar! Another Assassin Targets Sanji!,2020,170,8.8
525,924,"56,513",6,1,925,Dashing! The Righteous Soba Mask!,2020,160,8.6
526,925,"83,423",7,1,926,Zettai Zetsumei - Kyoi no Orochi Oniwabanshu,2020,109,7.8
527,926,"91,196",5,1,927,Shura-jo! Osoreru Daija Shogun Orochi,2020,110,7.2
528,927,"90,228",6,1,928,The Flower Falls! The Final Moment of the Most Beautiful Woma...,2020,112,7.2
529,928,"93,158",7,1,929,The Bond Between Prisoners! Luffy and Old Man Hyo!,2020,109,7.1
530,929,"90,008",6,1,930,A Lead Performer! Queen the Plague Emerges!,2020,101,7.6
531,930,"98,178",8,1,931,Goes up. Luffy's Desperate Escape!,2020,97,7.2
532,931,"86,654",5,1,932,Dead or Alive! Queen's Sumo Inferno!,2020,105,7.7
533,932,"63,983",11,1,933,Gyukimaru! Zoro Fights a Duel on Bandit's Bridge,2020,145,8.3
534,933,"33,972",40,1,934,A Big Turnover! The Three-Sword Style Overcomes Danger!,2020,297,8.9
535,934,"85,807",7,1,935,"Zoro, Stunned! The Shocking Identity of the Mysterious Woman!",2020,104,7.8
536,935,"90,354",8,1,936,Get the Hang of It! The Land of Wano's Haki - Ryuo!,2020,103,7.5
537,936,"95,963",5,1,937,Tonoyasu! Ebisu's most beloved!,2020,93,7.5
538,937,"98,177",5,1,938,Shaking the nation. The identity of Ushimitsu Kozo,2020,97,7.2
539,938,"74,401",7,1,939,The Straw Hats are running! Save the captive Tonoyasu,2020,121,8.1
540,939,"43,705",14,1,940,Zoro's Fury! The Truth About the Smile!,2020,220,8.7
541,940,"63,835",8,1,941,Toko's Tears! Orochi's Pitiless Bullets!,2020,153,8.1
542,941,"65,941",7,1,942,The Straw Hats Step In! An Uproarious Deadly Battle at the Ex...,2020,142,8.2
543,942,"74,788",7,1,943,Luffy's Determination! Win Through the Sumo Inferno!,2020,120,8.1
544,943,"87,020",6,1,944,The Coming of the Storm! Big Mom's Great Rampage!,2020,107,7.6
545,944,"60,589",6,1,945,A Grudge Over Oshiruko - Luffy Gets into a Desperate Situation,2020,153,8.4
546,945,"89,320",6,1,946,Stop the Emperor of the Sea! Queen's Secret Plan!,2020,111,7.3
547,946,"89,331",6,1,947,The Ultimate Weapon! Excite Bullets Aimed at Luffy,2020,108,7.4
548,947,"79,090",9,1,948,Start Fighting Back! Luffy and the Red Scabbard Samurai!,2020,125,7.6
549,948,"50,714",16,1,949,We're Here to Win! Luffy's Desperate Scream!,2020,189,8.5
550,949,"49,737",15,1,950,Warriors' Dream! Luffy's Conquer of Udon!,2020,199,8.4
551,950,"59,574",15,1,951,Orochi's Pursuers! Ninja Army Corps vs. Zoro,2020,177,7.9
552,951,"54,156",16,1,952,Tension Rises in Onigashima! Two Emperors of the Sea Meet?!,2020,191,8.1
553,952,"45,193",28,1,953,Hiyori's Confession! Reunion on Oihagi Bridge,2020,249,8.0
554,953,"41,448",26,1,954,Its Name is Enma! Oden's Meito!,2020,302,7.7
555,954,"35,342",44,1,955,&quot;A New Alliance?! Kaido's Army Gathers&quot;,2020,407,7.4
556,955,"33,715",75,1,956,Ticking Down to the Great Battle! The Straw Hats Go into Comb...,2020,353,8.2
557,956,"2,940",964,1,957,Big News! The Warlords Attack Incident,2021,"2,862",9.1
558,957,"14,751",-,1,958,&quot;The Legendary Battle! Garp and Roger&quot;,2021,746,9.4
